timestamp,ear,mouth_distance,yawn_detected,drowsy_detected,attention_status,fatigue_score,blink_count,head_pitch,head_yaw
2026-06-09 11:42:57,0.000,0.00,0,0,LOOKING CENTER,0.0,0,0.0,0.0
2026-06-09 11:42:58,0.380,0.00,0,0,LOOKING CENTER,0.0,0,61427.2,6582.6
2026-06-09 11:42:59,0.322,1.00,0,0,LOOKING LEFT,0.0,0,-63111.4,4977.7
2026-06-09 11:43:00,0.320,1.00,0,0,LOOKING LEFT,0.0,0,-62634.7,3687.5
2026-06-09 11:43:02,0.326,0.00,0,0,LOOKING LEFT,1.0,0,-62448.3,2907.0
2026-06-09 11:43:03,0.295,0.00,0,0,LOOKING CENTER,0.5,2,59982.9,-6338.4
2026-06-09 11:43:04,0.286,1.00,0,0,LOOKING CENTER,0.3,2,60659.6,-6402.3
2026-06-09 11:43:05,0.121,0.00,0,0,LOOKING CENTER,0.0,2,-61151.8,747.5
2026-06-09 11:43:06,0.125,4.00,0,1,LOOKING CENTER,2.0,2,-53791.0,87.9
2026-06-09 11:43:07,0.350,0.00,0,0,LOOKING CENTER,1.5,3,-59993.1,1118.9
2026-06-09 11:43:08,0.124,0.00,0,0,LOOKING CENTER,1.0,3,-59862.5,-44.6
2026-06-09 11:43:09,0.111,0.00,0,1,LOOKING CENTER,2.9,3,-60700.8,-136.7
2026-06-09 11:43:11,0.167,0.00,0,1,LOOKING CENTER,52.4,3,-56429.5,-539.2
2026-06-09 11:43:12,0.260,3.00,0,0,LOOKING CENTER,93.9,4,-54939.7,-251.4
2026-06-09 11:43:13,0.361,2.00,0,0,LOOKING CENTER,93.3,4,-56055.6,-823.2
2026-06-09 11:43:14,0.279,1.00,0,0,LOOKING LEFT,92.8,4,62901.4,2991.8
2026-06-09 11:43:15,0.343,0.00,0,0,LOOKING LEFT,92.4,4,63704.0,3179.9
2026-06-09 11:43:16,0.311,0.00,0,0,LOOKING LEFT,92.1,4,-64567.8,2143.1
2026-06-09 11:43:17,0.264,0.00,0,0,LOOKING LEFT,93.0,4,-62270.1,1368.4
2026-06-09 11:43:18,0.156,0.00,0,0,LOOKING LEFT,92.5,4,63944.7,563.7
2026-06-09 11:43:20,0.278,0.00,0,0,LOOKING LEFT,93.3,5,63218.8,-230.0
2026-06-09 11:43:21,0.290,0.00,0,0,LOOKING LEFT,100.0,6,63365.9,1079.3
2026-06-09 11:43:22,0.313,0.00,0,0,LOOKING LEFT,100.0,7,62729.7,994.7
2026-06-09 11:43:23,0.311,0.00,0,0,LOOKING LEFT,100.0,7,63726.4,846.3
2026-06-09 11:43:24,0.325,1.00,0,0,LOOKING CENTER,99.6,7,-63898.8,-95.9
2026-06-09 11:43:25,0.307,0.00,0,0,LOOKING LEFT,99.1,7,62231.4,3104.1
2026-06-09 11:43:27,0.321,1.41,0,0,LOOKING LEFT,99.9,7,63173.6,4780.5
2026-06-09 11:43:28,0.348,0.00,0,0,LOOKING LEFT,100.0,7,63898.8,4819.0
2026-06-09 11:43:29,0.343,0.00,0,0,LOOKING LEFT,100.0,7,63371.6,4043.7
2026-06-09 11:43:30,0.333,1.00,0,0,LOOKING LEFT,100.0,7,63379.7,4714.6
2026-06-09 11:43:31,0.335,0.00,0,0,LOOKING LEFT,100.0,7,63054.8,3724.3
2026-06-09 11:43:32,0.362,0.00,0,0,LOOKING LEFT,100.0,7,64163.0,4134.0
2026-06-09 11:43:33,0.342,1.00,0,0,LOOKING LEFT,100.0,8,63945.3,3927.3
2026-06-09 11:43:34,0.339,1.00,0,0,LOOKING LEFT,100.0,8,63692.5,4375.9
2026-06-09 11:43:35,0.182,0.00,0,0,LOOKING LEFT,100.0,8,-64107.4,1642.8
2026-06-09 11:43:36,0.303,1.00,0,0,LOOKING LEFT,100.0,10,64770.3,1892.0
2026-06-09 11:43:37,0.271,0.00,0,0,LOOKING LEFT,100.0,10,-64751.8,2895.0
2026-06-09 11:43:38,0.168,1.00,0,0,LOOKING LEFT,100.0,11,63025.8,3300.0
2026-06-09 11:43:39,0.202,1.41,0,0,LOOKING CENTER,100.0,12,-58059.7,-7751.1
2026-06-09 11:43:40,0.131,1.00,0,0,LOOKING CENTER,99.8,13,-61566.6,-266.0
2026-06-09 11:43:41,0.161,1.00,0,0,LOOKING CENTER,99.7,13,-60305.9,921.1
2026-06-09 11:43:43,0.156,0.00,0,0,LOOKING CENTER,99.5,14,-58596.9,417.8
2026-06-09 11:43:44,0.127,0.00,0,0,LOOKING CENTER,99.3,14,-58010.3,-122.2
2026-06-09 11:43:46,0.130,1.00,0,1,LOOKING CENTER,100.0,14,-58892.4,638.3
2026-06-09 11:43:47,0.130,1.00,0,0,LOOKING CENTER,99.9,15,-58788.0,696.9
2026-06-09 11:43:48,0.157,0.00,0,0,LOOKING CENTER,99.7,15,-58225.3,907.7
2026-06-09 11:43:50,0.153,1.00,0,1,LOOKING CENTER,100.0,15,-57640.1,1046.7
2026-06-09 11:43:51,0.235,1.00,0,0,LOOKING CENTER,99.8,17,-57981.7,1576.9
2026-06-09 11:43:52,0.186,1.00,0,0,LOOKING CENTER,99.6,20,-57877.7,2064.0
2026-06-09 11:43:53,0.194,2.00,0,0,LOOKING CENTER,99.3,22,-57936.3,1215.4
2026-06-09 11:43:54,0.163,0.00,0,0,LOOKING CENTER,99.1,25,-50857.8,3310.6
2026-06-09 11:43:55,0.171,0.00,0,0,LOOKING CENTER,98.9,26,-58062.7,1272.6
2026-06-09 11:43:56,0.171,2.24,0,0,LOOKING CENTER,98.7,27,-57875.8,1666.8
2026-06-09 11:43:57,0.118,0.00,0,0,LOOKING CENTER,98.5,29,-57278.3,1570.0
2026-06-09 11:43:58,0.163,0.00,0,0,LOOKING CENTER,98.3,30,-56946.7,1729.3
2026-06-09 11:43:59,0.144,0.00,0,0,LOOKING CENTER,98.1,30,-57166.9,1675.4
2026-06-09 11:44:01,0.163,1.41,0,1,LOOKING CENTER,100.0,30,-56730.6,1926.0
2026-06-09 11:44:02,0.127,0.00,0,1,LOOKING CENTER,100.0,30,-57310.9,1971.4
2026-06-09 11:44:03,0.151,1.00,0,1,LOOKING CENTER,100.0,30,-56973.2,1932.6
2026-06-09 11:44:04,0.127,1.00,0,1,LOOKING CENTER,100.0,30,-56424.1,1829.8
2026-06-09 11:44:05,0.125,0.00,0,1,LOOKING CENTER,100.0,30,-56354.6,1370.5
2026-06-09 11:44:06,0.127,0.00,0,1,LOOKING CENTER,100.0,30,-56763.6,1679.7
2026-06-09 11:44:07,0.114,0.00,0,1,LOOKING CENTER,100.0,30,-56903.7,2505.9
2026-06-09 11:44:08,0.253,0.00,0,0,LOOKING CENTER,100.0,31,-58194.3,2540.2
2026-06-09 11:44:09,0.255,0.00,0,0,LOOKING CENTER,99.8,31,-57814.1,2126.8
2026-06-09 11:44:10,0.285,0.00,0,0,LOOKING CENTER,99.6,31,-58069.6,1940.3
2026-06-09 11:44:11,0.181,2.00,0,0,LOOKING CENTER,99.4,32,-57477.9,2596.1
2026-06-09 11:44:12,0.159,2.24,0,0,LOOKING CENTER,99.2,33,-56368.4,2049.5
2026-06-09 11:44:13,0.159,2.00,0,0,LOOKING CENTER,99.0,34,-57338.3,2139.6
2026-06-09 11:44:15,0.182,1.00,0,0,LOOKING CENTER,98.8,34,-58030.9,1679.0
2026-06-09 11:44:16,0.143,1.00,0,1,LOOKING CENTER,100.0,34,-57035.0,2051.6
2026-06-09 11:44:17,0.275,0.00,0,0,LOOKING CENTER,99.8,35,-63405.3,1199.9
2026-06-09 11:44:18,0.093,1.00,0,0,LOOKING CENTER,99.6,36,-64242.8,1501.7
2026-06-09 11:44:20,0.172,0.00,0,0,LOOKING CENTER,99.3,37,-60425.0,476.0
2026-06-09 11:44:21,0.269,0.00,0,0,LOOKING CENTER,99.0,40,-61339.8,435.4
2026-06-09 11:44:22,0.228,0.00,0,0,LOOKING CENTER,98.8,42,-60445.1,1248.7
2026-06-09 11:44:23,0.224,0.00,0,0,LOOKING CENTER,98.6,42,-60491.1,1177.2
2026-06-09 11:44:24,0.214,0.00,0,0,LOOKING CENTER,98.4,42,-60607.8,1005.2
2026-06-09 11:44:25,0.215,1.00,0,0,LOOKING CENTER,98.2,42,-61292.7,878.4
2026-06-09 11:44:26,0.218,0.00,0,0,LOOKING CENTER,98.0,43,-60414.1,1169.4
2026-06-09 11:44:27,0.172,0.00,0,0,LOOKING CENTER,97.8,45,-59829.4,1037.7
2026-06-09 11:44:28,0.255,0.00,0,0,LOOKING CENTER,97.6,46,-60021.5,1325.2
2026-06-09 11:44:29,0.234,0.00,0,0,LOOKING CENTER,97.4,46,-60213.7,1943.2
2026-06-09 11:44:30,0.217,2.00,0,0,LOOKING CENTER,97.2,46,-54365.6,1938.1
2026-06-09 11:44:31,0.281,1.00,0,0,LOOKING CENTER,97.0,47,-55643.5,2717.3
2026-06-09 11:44:32,0.251,1.00,0,0,LOOKING CENTER,96.8,47,-55784.2,1886.2
2026-06-09 11:44:33,0.272,0.00,0,0,LOOKING CENTER,96.6,47,-56926.6,1836.1
2026-06-09 11:44:34,0.295,1.00,0,0,LOOKING CENTER,96.4,47,-57904.9,1721.1
2026-06-09 11:44:35,0.282,1.41,0,0,LOOKING CENTER,96.2,47,-57857.9,2290.0
2026-06-09 11:44:36,0.287,0.00,0,0,LOOKING CENTER,96.0,47,-58488.9,1567.6
2026-06-09 11:44:37,0.250,0.00,0,0,LOOKING CENTER,95.9,47,-57820.6,2213.5
2026-06-09 11:44:38,0.265,0.00,0,0,LOOKING CENTER,95.7,47,-58262.5,1657.3
2026-06-09 11:44:39,0.260,1.00,0,0,LOOKING CENTER,95.5,47,-58300.6,1432.1
2026-06-09 11:44:40,0.224,1.00,0,0,LOOKING CENTER,95.3,47,-57939.0,1467.7
2026-06-09 11:44:42,0.278,0.00,0,0,LOOKING CENTER,95.1,48,-57180.7,1759.8
2026-06-09 11:44:43,0.238,0.00,0,0,LOOKING CENTER,94.9,48,-57877.5,1655.8
2026-06-09 11:44:44,0.214,0.00,0,0,LOOKING CENTER,94.7,49,-57273.9,1413.9
2026-06-09 11:44:45,0.215,0.00,0,0,LOOKING CENTER,94.5,49,-57523.9,1973.7
2026-06-09 11:44:46,0.172,0.00,0,0,LOOKING CENTER,94.3,49,-57268.9,1503.3
2026-06-09 11:44:47,0.210,2.00,0,0,LOOKING CENTER,94.1,53,-56740.4,1502.3
2026-06-09 11:44:48,0.157,2.00,0,0,LOOKING CENTER,93.9,54,-56358.8,1643.6
2026-06-09 11:44:49,0.178,1.00,0,0,LOOKING CENTER,93.7,56,-57115.3,1744.8
2026-06-09 11:44:50,0.188,1.00,0,0,LOOKING CENTER,93.4,57,-56926.0,1564.0
2026-06-09 11:44:51,0.193,1.00,0,0,LOOKING CENTER,93.2,57,-56533.2,1618.8
2026-06-09 11:44:53,0.157,2.00,0,1,LOOKING CENTER,95.1,57,-56358.8,1643.6
2026-06-09 11:44:54,0.155,1.41,0,0,LOOKING CENTER,99.8,58,-56576.7,1300.7
2026-06-09 11:44:55,0.200,2.00,0,0,LOOKING CENTER,99.6,61,-56479.0,1851.7
2026-06-09 11:44:56,0.250,0.00,0,0,LOOKING CENTER,99.4,62,-62770.3,2665.2
2026-06-09 11:44:57,0.220,0.00,0,0,LOOKING LEFT,99.2,64,64782.8,4196.3
2026-06-09 11:44:58,0.339,0.00,0,0,LOOKING LEFT,98.9,65,-63573.5,3534.3
2026-06-09 11:44:59,0.308,0.00,0,0,LOOKING LEFT,98.7,65,-64370.5,2160.5
2026-06-09 11:45:00,0.303,1.00,0,0,LOOKING LEFT,99.7,65,-62686.7,2907.0
2026-06-09 11:45:01,0.285,0.00,0,0,LOOKING LEFT,100.0,65,-63524.3,2595.0
2026-06-09 11:45:02,0.283,1.00,0,0,LOOKING LEFT,100.0,65,-63743.2,1761.7
2026-06-09 11:45:03,0.321,1.00,0,0,LOOKING LEFT,100.0,65,-63504.9,2557.6
2026-06-09 11:45:18,0.304,1.00,0,0,LOOKING CENTER,0.0,0,-64319.1,3550.2
2026-06-09 11:45:19,0.225,1.00,0,0,LOOKING LEFT,0.0,3,64625.8,3266.0
2026-06-09 11:45:21,0.332,0.00,0,0,LOOKING LEFT,1.0,4,-64197.3,3305.4
2026-06-09 11:45:22,0.320,0.00,0,0,LOOKING LEFT,16.7,4,-64229.0,3470.5
2026-06-09 11:45:23,0.371,1.41,0,0,LOOKING LEFT,34.3,4,-63837.0,4346.6
2026-06-09 11:45:24,0.340,0.00,0,0,LOOKING LEFT,60.8,4,-63709.0,4167.0
2026-06-09 11:45:25,0.346,0.00,0,0,LOOKING LEFT,86.3,4,-64657.5,4202.1
2026-06-09 11:45:26,0.350,1.00,0,0,LOOKING LEFT,100.0,4,64459.0,5990.0
2026-06-09 11:45:27,0.341,1.00,0,0,LOOKING LEFT,100.0,4,63209.1,6465.7
2026-06-09 11:45:28,0.316,0.00,0,0,LOOKING LEFT,100.0,4,62824.6,6757.7
2026-06-09 11:45:29,0.340,2.24,0,0,LOOKING LEFT,100.0,4,63711.4,6600.3
2026-06-09 11:45:31,0.344,1.00,0,0,LOOKING LEFT,100.0,4,63894.4,6199.1
2026-06-09 11:45:32,0.343,1.00,0,0,LOOKING LEFT,100.0,4,-62570.7,2163.3
2026-06-09 11:45:33,0.316,0.00,0,0,LOOKING CENTER,99.7,4,-60897.9,1395.3
2026-06-09 11:45:34,0.329,0.00,0,0,LOOKING LEFT,99.2,4,-61358.5,2152.1
2026-06-09 11:45:35,0.326,0.00,0,0,LOOKING CENTER,98.8,4,-62031.0,2129.4
2026-06-09 11:45:36,0.344,0.00,0,0,LOOKING LEFT,98.3,4,-61632.4,2323.2
2026-06-09 11:45:37,0.329,0.00,0,0,LOOKING LEFT,99.2,4,-61270.1,1584.7
2026-06-09 11:45:38,0.355,0.00,0,0,LOOKING LEFT,99.7,4,-62156.0,2370.4
2026-06-09 11:45:40,0.349,1.41,0,0,LOOKING LEFT,100.0,4,-63363.7,2420.1
2026-06-09 11:45:41,0.355,0.00,0,0,LOOKING LEFT,100.0,4,-63143.4,2376.4
2026-06-09 11:45:42,0.338,0.00,0,0,LOOKING LEFT,100.0,4,-63992.6,2680.3
2026-06-09 11:45:43,0.321,1.00,0,0,LOOKING LEFT,100.0,4,64530.0,4473.1
2026-06-09 11:45:44,0.346,0.00,0,0,LOOKING LEFT,100.0,4,64445.4,4464.1
2026-06-09 11:45:45,0.340,1.00,0,0,LOOKING LEFT,100.0,4,-64554.5,4329.5
2026-06-09 11:45:46,0.326,0.00,0,0,LOOKING LEFT,100.0,4,64147.7,3602.1
2026-06-09 11:45:47,0.338,2.00,0,0,LOOKING LEFT,100.0,4,-64748.6,3511.8
2026-06-09 11:45:48,0.356,0.00,0,0,LOOKING LEFT,100.0,4,-63953.2,3829.0
2026-06-09 11:45:49,0.330,1.00,0,0,LOOKING LEFT,100.0,4,-64096.5,3891.2
2026-06-09 11:45:50,0.323,0.00,0,0,LOOKING LEFT,100.0,4,-63179.4,3214.9
2026-06-09 11:45:51,0.304,1.00,0,0,LOOKING LEFT,100.0,4,-64713.0,4236.8
2026-06-09 11:45:52,0.347,1.41,0,0,LOOKING LEFT,100.0,4,-64036.6,3663.5
2026-06-09 11:45:53,0.330,1.00,0,0,LOOKING LEFT,100.0,4,-63842.1,4248.5
2026-06-09 11:45:54,0.351,0.00,0,0,LOOKING LEFT,100.0,4,-63515.7,4371.1
2026-06-09 11:45:55,0.352,0.00,0,0,LOOKING LEFT,100.0,4,-64608.8,4014.1
2026-06-09 11:45:56,0.356,1.00,0,0,LOOKING LEFT,100.0,4,-64621.2,4692.0
2026-06-09 11:45:57,0.330,1.00,0,0,LOOKING LEFT,100.0,4,-63878.2,4002.8
2026-06-09 11:45:58,0.394,1.00,0,0,LOOKING LEFT,100.0,4,-64349.9,4143.3
2026-06-09 11:45:59,0.352,0.00,0,0,LOOKING LEFT,100.0,4,-64698.3,4959.0
2026-06-09 11:46:00,0.364,0.00,0,0,LOOKING LEFT,100.0,4,-64518.3,4409.0
2026-06-09 11:46:02,0.346,1.00,0,0,LOOKING LEFT,100.0,4,64647.3,4339.2
2026-06-09 11:46:03,0.343,1.00,0,0,LOOKING LEFT,100.0,4,-64636.8,4625.4
2026-06-09 11:46:04,0.311,1.00,0,0,LOOKING LEFT,100.0,4,64418.7,4086.6
2026-06-09 11:46:05,0.322,1.00,0,0,LOOKING LEFT,100.0,4,-64569.2,4134.0
2026-06-09 11:46:06,0.324,1.00,0,0,LOOKING LEFT,100.0,4,-64527.7,4889.4
2026-06-09 11:46:07,0.354,1.41,0,0,LOOKING LEFT,100.0,4,-64781.4,4656.7
2026-06-09 11:46:08,0.342,1.00,0,0,LOOKING LEFT,100.0,4,-63678.3,4191.5
2026-06-09 11:46:09,0.362,0.00,0,0,LOOKING LEFT,100.0,4,-64356.6,4704.7
2026-06-09 11:46:10,0.361,1.00,0,0,LOOKING LEFT,100.0,4,-64048.8,3980.7
2026-06-09 11:46:11,0.329,0.00,0,0,LOOKING LEFT,100.0,4,-60478.3,2583.3
2026-06-09 11:46:12,0.360,0.00,0,0,LOOKING CENTER,99.7,5,-61223.4,2051.3
2026-06-09 11:46:13,0.345,1.00,0,0,LOOKING LEFT,99.1,5,-63284.6,3784.0
2026-06-09 11:46:14,0.352,0.00,0,0,LOOKING LEFT,99.9,5,-63529.0,3663.5
2026-06-09 11:46:15,0.372,0.00,0,0,LOOKING LEFT,100.0,5,-64223.4,4007.0
2026-06-09 11:46:16,0.339,0.00,0,0,LOOKING LEFT,100.0,5,-64504.1,4550.8
2026-06-09 11:46:17,0.364,0.00,0,0,LOOKING LEFT,100.0,5,-64245.8,4530.2
2026-06-09 11:46:18,0.264,2.00,0,0,LOOKING LEFT,100.0,5,-64758.9,4185.9
2026-06-09 11:46:19,0.325,0.00,0,0,LOOKING LEFT,100.0,5,-63721.1,3356.1
2026-06-09 11:46:20,0.352,1.41,0,0,LOOKING LEFT,100.0,5,-63945.7,3598.7
2026-06-09 11:46:21,0.352,0.00,0,0,LOOKING LEFT,100.0,5,-63821.3,4756.7
2026-06-09 11:46:22,0.352,0.00,0,0,LOOKING LEFT,100.0,5,-64522.7,4874.5
2026-06-09 11:46:24,0.318,1.00,0,0,LOOKING LEFT,100.0,5,-64546.6,2579.1
2026-06-09 11:46:25,0.319,1.00,0,0,LOOKING LEFT,100.0,5,-64268.4,-2268.3
2026-06-09 11:46:26,0.333,1.00,0,0,LOOKING LEFT,100.0,5,-61456.5,-2021.7
2026-06-09 11:46:27,0.289,1.00,0,0,LOOKING LEFT,100.0,5,61206.8,4876.2
2026-06-09 11:46:28,0.339,0.00,0,0,LOOKING LEFT,100.0,5,63852.1,3590.3
2026-06-09 11:46:29,0.321,0.00,0,0,LOOKING LEFT,100.0,5,62723.7,4871.5
2026-06-09 11:46:30,0.285,2.00,0,0,LOOKING LEFT,100.0,5,-63103.5,-1792.5
2026-06-09 11:46:31,0.341,1.00,0,0,LOOKING LEFT,100.0,6,-62161.9,1720.5
2026-06-09 11:46:32,0.239,0.00,0,0,LOOKING LEFT,100.0,6,58335.5,2551.9
2026-06-09 11:46:33,0.196,1.00,0,0,LOOKING CENTER,99.6,9,64676.5,4662.7
2026-06-09 11:46:34,0.337,1.00,0,0,LOOKING CENTER,99.0,10,-63264.6,4758.3
2026-06-09 11:46:35,0.304,1.00,0,0,LOOKING CENTER,98.5,10,64367.3,3880.9
2026-06-09 11:46:36,0.352,0.00,0,0,LOOKING CENTER,98.0,10,-62737.4,4186.8
2026-06-09 11:46:37,0.348,0.00,0,0,LOOKING LEFT,97.6,10,-61423.9,2983.7
2026-06-09 11:46:38,0.343,0.00,0,0,LOOKING CENTER,97.2,10,-60399.5,2293.7
2026-06-09 11:46:39,0.343,1.00,0,0,LOOKING CENTER,96.9,10,-60625.3,1991.4
2026-06-09 11:46:40,0.377,1.41,0,0,LOOKING CENTER,96.5,10,-62194.0,3202.3
2026-06-09 11:46:41,0.326,1.00,0,0,LOOKING LEFT,96.1,10,-64728.9,3618.4
2026-06-09 11:46:42,0.244,2.00,0,0,LOOKING CENTER,95.5,10,-63418.3,2575.6
2026-06-09 11:46:43,0.342,1.00,0,0,LOOKING CENTER,95.0,11,-61397.9,2282.2
2026-06-09 11:46:44,0.220,0.00,0,0,LOOKING CENTER,94.5,12,-60158.6,347.2
2026-06-09 11:46:45,0.198,0.00,0,0,LOOKING CENTER,94.0,17,-60700.9,819.1
2026-06-09 11:46:46,0.215,0.00,0,0,LOOKING CENTER,93.4,25,-60720.2,1166.8
2026-06-09 11:46:47,0.225,0.00,0,0,LOOKING CENTER,92.9,28,-61609.1,1562.4
2026-06-09 11:46:48,0.189,1.00,0,0,LOOKING CENTER,92.4,35,-60360.8,1221.1
2026-06-09 11:46:50,0.181,0.00,0,1,LOOKING CENTER,93.9,36,-61044.8,1487.7
2026-06-09 11:46:51,0.213,1.00,0,0,LOOKING CENTER,93.4,38,-60505.7,823.3
2026-06-09 11:46:53,0.166,0.00,0,1,LOOKING CENTER,94.9,38,-60333.5,787.2
2026-06-09 11:46:54,0.203,0.00,0,0,LOOKING CENTER,96.4,40,-60277.7,1072.9
2026-06-09 11:46:55,0.238,0.00,0,0,LOOKING CENTER,96.0,43,-61787.6,1506.8
2026-06-09 11:46:56,0.140,1.00,0,0,LOOKING CENTER,95.5,43,-60887.1,474.4
2026-06-09 11:46:57,0.241,2.00,0,0,LOOKING CENTER,95.0,46,-57294.8,1539.8
2026-06-09 11:46:58,0.247,0.00,0,0,LOOKING CENTER,94.5,46,-57452.0,1543.1
2026-06-09 11:46:59,0.232,0.00,0,0,LOOKING CENTER,93.9,46,-58708.7,1236.3
2026-06-09 11:47:00,0.256,0.00,0,0,LOOKING CENTER,93.4,46,-60234.1,1470.5
2026-06-09 11:47:01,0.197,0.00,0,0,LOOKING CENTER,92.9,49,-59225.9,108.0
2026-06-09 11:47:02,0.175,0.00,0,0,LOOKING CENTER,92.4,55,-59183.5,593.8
2026-06-09 11:47:03,0.200,0.00,0,0,LOOKING CENTER,91.8,58,-59726.4,633.0
2026-06-09 11:47:04,0.183,0.00,0,0,LOOKING CENTER,91.2,62,-59435.6,1001.8
2026-06-09 11:47:05,0.226,1.00,0,0,LOOKING CENTER,90.7,67,-59445.7,399.5
2026-06-09 11:47:06,0.178,0.00,0,0,LOOKING CENTER,90.2,71,-59437.6,371.0
2026-06-09 11:47:07,0.200,0.00,0,0,LOOKING CENTER,89.7,74,-60069.5,444.4
2026-06-09 11:47:08,0.334,2.00,0,0,LOOKING LEFT,89.2,75,64437.9,5199.4
2026-06-09 11:47:09,0.263,0.00,0,0,LOOKING LEFT,88.8,75,-64234.5,3269.3
2026-06-09 11:47:11,0.274,1.00,0,0,LOOKING LEFT,89.7,75,64430.8,3500.4
2026-06-09 11:47:12,0.321,1.00,0,0,LOOKING LEFT,100.0,75,-63056.4,4686.8
2026-06-09 11:47:13,0.360,2.00,0,0,LOOKING LEFT,100.0,75,-64520.2,6044.5
2026-06-09 11:47:14,0.291,1.00,0,0,LOOKING LEFT,100.0,75,-61308.7,2572.2
2026-06-09 11:47:15,0.249,1.00,0,0,LOOKING LEFT,100.0,75,-60109.2,1284.7
2026-06-09 11:47:16,0.310,1.00,0,0,LOOKING LEFT,100.0,75,-60864.3,1466.9
2026-06-09 11:47:17,0.310,1.00,0,0,LOOKING LEFT,100.0,75,-60771.8,1608.0
2026-06-09 11:47:18,0.311,0.00,0,0,LOOKING LEFT,100.0,75,-61029.6,2130.0
2026-06-09 11:47:19,0.264,1.00,0,0,LOOKING LEFT,100.0,75,-61055.1,1469.0
2026-06-09 11:47:20,0.291,0.00,0,0,LOOKING LEFT,100.0,75,60704.6,1374.8
2026-06-09 11:47:21,0.304,0.00,0,0,LOOKING LEFT,100.0,75,60830.5,1835.4
2026-06-09 11:47:22,0.306,1.00,0,0,LOOKING LEFT,100.0,75,61996.8,657.5
2026-06-09 11:47:23,0.000,0.00,0,0,LOOKING LEFT,100.0,75,0.0,0.0
2026-06-09 11:47:25,0.000,0.00,0,0,LOOKING LEFT,100.0,75,0.0,0.0
2026-06-09 11:47:26,0.000,0.00,0,0,LOOKING LEFT,100.0,75,0.0,0.0
2026-06-09 11:47:27,0.000,0.00,0,0,LOOKING LEFT,100.0,75,0.0,0.0
2026-06-09 11:47:28,0.000,0.00,0,0,LOOKING LEFT,100.0,75,0.0,0.0
2026-06-09 11:47:29,0.000,0.00,0,0,LOOKING LEFT,100.0,75,0.0,0.0
2026-06-09 11:47:30,0.000,0.00,0,0,LOOKING LEFT,100.0,75,0.0,0.0
2026-06-09 11:47:31,0.000,0.00,0,0,LOOKING LEFT,100.0,75,0.0,0.0
2026-06-09 11:47:32,0.000,0.00,0,0,LOOKING LEFT,100.0,75,0.0,0.0
2026-06-09 11:47:33,0.000,0.00,0,0,LOOKING LEFT,100.0,75,0.0,0.0
2026-06-09 11:47:34,0.000,0.00,0,0,LOOKING LEFT,100.0,75,0.0,0.0
2026-06-09 11:47:35,0.000,0.00,0,0,LOOKING LEFT,100.0,75,0.0,0.0
2026-06-09 11:47:36,0.000,0.00,0,0,LOOKING LEFT,100.0,75,0.0,0.0
2026-06-09 11:47:37,0.000,0.00,0,0,LOOKING LEFT,100.0,75,0.0,0.0
2026-06-09 11:47:38,0.000,0.00,0,0,LOOKING LEFT,100.0,75,0.0,0.0
2026-06-09 11:47:39,0.000,0.00,0,0,LOOKING LEFT,100.0,75,0.0,0.0
2026-06-09 11:47:40,0.000,0.00,0,0,LOOKING LEFT,100.0,75,0.0,0.0
2026-06-09 11:47:41,0.000,0.00,0,0,LOOKING LEFT,100.0,75,0.0,0.0
2026-06-09 11:47:42,0.000,0.00,0,0,LOOKING LEFT,100.0,75,0.0,0.0
2026-06-09 11:47:43,0.000,0.00,0,0,LOOKING LEFT,100.0,75,0.0,0.0
2026-06-09 11:47:44,0.000,0.00,0,0,LOOKING LEFT,100.0,75,0.0,0.0
2026-06-09 11:47:45,0.000,0.00,0,0,LOOKING LEFT,100.0,75,0.0,0.0
2026-06-09 11:47:46,0.000,0.00,0,0,LOOKING LEFT,100.0,75,0.0,0.0
2026-06-09 11:47:47,0.000,0.00,0,0,LOOKING LEFT,100.0,75,0.0,0.0
2026-06-09 11:47:48,0.000,0.00,0,0,LOOKING LEFT,100.0,75,0.0,0.0
2026-06-09 11:47:50,0.000,0.00,0,0,LOOKING LEFT,100.0,75,0.0,0.0
2026-06-09 11:47:51,0.000,0.00,0,0,LOOKING LEFT,100.0,75,0.0,0.0
2026-06-09 11:47:52,0.000,0.00,0,0,LOOKING LEFT,100.0,75,0.0,0.0
2026-06-09 11:47:53,0.000,0.00,0,0,LOOKING LEFT,100.0,75,0.0,0.0
2026-06-09 11:47:54,0.000,0.00,0,0,LOOKING LEFT,100.0,75,0.0,0.0
2026-06-09 11:47:55,0.000,0.00,0,0,LOOKING LEFT,100.0,75,0.0,0.0
2026-06-09 11:47:56,0.000,0.00,0,0,LOOKING LEFT,100.0,75,0.0,0.0
2026-06-09 11:47:57,0.000,0.00,0,0,LOOKING LEFT,100.0,75,0.0,0.0
2026-06-09 11:47:58,0.000,0.00,0,0,LOOKING LEFT,100.0,75,0.0,0.0
2026-06-09 11:47:59,0.000,0.00,0,0,LOOKING LEFT,100.0,75,0.0,0.0
2026-06-09 11:48:00,0.000,0.00,0,0,LOOKING LEFT,100.0,75,0.0,0.0
2026-06-09 11:48:01,0.000,0.00,0,0,LOOKING LEFT,100.0,75,0.0,0.0
2026-06-09 11:48:02,0.000,0.00,0,0,LOOKING LEFT,100.0,75,0.0,0.0
2026-06-09 11:48:03,0.000,0.00,0,0,LOOKING LEFT,100.0,75,0.0,0.0
2026-06-09 11:48:04,0.000,0.00,0,0,LOOKING LEFT,100.0,75,0.0,0.0
2026-06-09 11:48:05,0.000,0.00,0,0,LOOKING LEFT,100.0,75,0.0,0.0
2026-06-09 11:48:06,0.000,0.00,0,0,LOOKING LEFT,100.0,75,0.0,0.0
2026-06-09 11:48:07,0.000,0.00,0,0,LOOKING LEFT,100.0,75,0.0,0.0
2026-06-09 11:48:08,0.000,0.00,0,0,LOOKING LEFT,100.0,75,0.0,0.0
2026-06-09 11:48:09,0.000,0.00,0,0,LOOKING LEFT,100.0,75,0.0,0.0
2026-06-09 11:48:10,0.000,0.00,0,0,LOOKING LEFT,100.0,75,0.0,0.0
2026-06-09 11:48:11,0.000,0.00,0,0,LOOKING LEFT,100.0,75,0.0,0.0
2026-06-09 11:48:12,0.000,0.00,0,0,LOOKING LEFT,100.0,75,0.0,0.0
2026-06-09 11:48:13,0.000,0.00,0,0,LOOKING LEFT,100.0,75,0.0,0.0
2026-06-09 11:48:14,0.000,0.00,0,0,LOOKING LEFT,100.0,75,0.0,0.0
2026-06-09 11:48:16,0.000,0.00,0,0,LOOKING LEFT,100.0,75,0.0,0.0
2026-06-09 11:48:17,0.000,0.00,0,0,LOOKING LEFT,100.0,75,0.0,0.0
2026-06-09 11:48:18,0.000,0.00,0,0,LOOKING LEFT,100.0,75,0.0,0.0
2026-06-09 11:48:19,0.000,0.00,0,0,LOOKING LEFT,100.0,75,0.0,0.0
2026-06-09 11:48:20,0.000,0.00,0,0,LOOKING LEFT,100.0,75,0.0,0.0
2026-06-09 11:48:21,0.000,0.00,0,0,LOOKING LEFT,100.0,75,0.0,0.0
2026-06-09 11:48:22,0.000,0.00,0,0,LOOKING LEFT,100.0,75,0.0,0.0
2026-06-09 11:48:23,0.000,0.00,0,0,LOOKING LEFT,100.0,75,0.0,0.0
2026-06-09 11:48:24,0.000,0.00,0,0,LOOKING LEFT,100.0,75,0.0,0.0
2026-06-09 11:48:25,0.000,0.00,0,0,LOOKING LEFT,100.0,75,0.0,0.0
2026-06-09 11:48:26,0.000,0.00,0,0,LOOKING LEFT,100.0,75,0.0,0.0
2026-06-09 11:48:27,0.000,0.00,0,0,LOOKING LEFT,100.0,75,0.0,0.0
2026-06-09 11:48:28,0.000,0.00,0,0,LOOKING LEFT,100.0,75,0.0,0.0
2026-06-09 11:48:29,0.000,0.00,0,0,LOOKING LEFT,100.0,75,0.0,0.0
2026-06-09 11:48:30,0.000,0.00,0,0,LOOKING LEFT,100.0,75,0.0,0.0
2026-06-09 11:48:31,0.000,0.00,0,0,LOOKING LEFT,100.0,75,0.0,0.0
2026-06-09 11:48:32,0.000,0.00,0,0,LOOKING LEFT,100.0,75,0.0,0.0
2026-06-09 11:48:33,0.000,0.00,0,0,LOOKING LEFT,100.0,75,0.0,0.0
2026-06-09 11:48:34,0.000,0.00,0,0,LOOKING LEFT,100.0,75,0.0,0.0
2026-06-09 11:48:35,0.000,0.00,0,0,LOOKING LEFT,100.0,75,0.0,0.0
2026-06-09 11:48:36,0.000,0.00,0,0,LOOKING LEFT,100.0,75,0.0,0.0
2026-06-09 11:48:37,0.000,0.00,0,0,LOOKING LEFT,100.0,75,0.0,0.0
2026-06-09 11:48:38,0.000,0.00,0,0,LOOKING LEFT,100.0,75,0.0,0.0
2026-06-09 11:48:39,0.000,0.00,0,0,LOOKING LEFT,100.0,75,0.0,0.0
2026-06-09 11:48:40,0.000,0.00,0,0,LOOKING LEFT,100.0,75,0.0,0.0
2026-06-09 11:48:41,0.000,0.00,0,0,LOOKING LEFT,100.0,75,0.0,0.0
2026-06-09 11:48:42,0.000,0.00,0,0,LOOKING LEFT,100.0,75,0.0,0.0
2026-06-09 11:48:43,0.000,0.00,0,0,LOOKING LEFT,100.0,75,0.0,0.0
2026-06-09 11:48:44,0.000,0.00,0,0,LOOKING LEFT,100.0,75,0.0,0.0
2026-06-09 11:48:45,0.000,0.00,0,0,LOOKING LEFT,100.0,75,0.0,0.0
2026-06-09 11:48:47,0.000,0.00,0,0,LOOKING LEFT,100.0,75,0.0,0.0
2026-06-09 11:48:48,0.000,0.00,0,0,LOOKING LEFT,100.0,75,0.0,0.0
2026-06-09 11:48:49,0.000,0.00,0,0,LOOKING LEFT,100.0,75,0.0,0.0
2026-06-09 11:48:50,0.000,0.00,0,0,LOOKING LEFT,100.0,75,0.0,0.0
2026-06-09 11:48:51,0.000,0.00,0,0,LOOKING LEFT,100.0,75,0.0,0.0
2026-06-09 11:48:52,0.000,0.00,0,0,LOOKING LEFT,100.0,75,0.0,0.0
2026-06-09 11:48:53,0.000,0.00,0,0,LOOKING LEFT,100.0,75,0.0,0.0
2026-06-09 11:48:54,0.000,0.00,0,0,LOOKING LEFT,100.0,75,0.0,0.0
2026-06-09 11:48:55,0.000,0.00,0,0,LOOKING LEFT,100.0,75,0.0,0.0
2026-06-09 11:48:56,0.000,0.00,0,0,LOOKING LEFT,100.0,75,0.0,0.0
2026-06-09 11:48:57,0.000,0.00,0,0,LOOKING LEFT,100.0,75,0.0,0.0
2026-06-09 11:48:58,0.000,0.00,0,0,LOOKING LEFT,100.0,75,0.0,0.0
2026-06-09 11:48:59,0.000,0.00,0,0,LOOKING LEFT,100.0,75,0.0,0.0
2026-06-09 11:49:00,0.000,0.00,0,0,LOOKING LEFT,100.0,75,0.0,0.0
2026-06-09 11:49:01,0.000,0.00,0,0,LOOKING LEFT,100.0,75,0.0,0.0
2026-06-09 11:49:02,0.000,0.00,0,0,LOOKING LEFT,100.0,75,0.0,0.0
2026-06-09 11:49:03,0.000,0.00,0,0,LOOKING LEFT,100.0,75,0.0,0.0
2026-06-09 11:49:04,0.000,0.00,0,0,LOOKING LEFT,100.0,75,0.0,0.0
2026-06-09 11:49:05,0.000,0.00,0,0,LOOKING LEFT,100.0,75,0.0,0.0
2026-06-09 11:49:06,0.000,0.00,0,0,LOOKING LEFT,100.0,75,0.0,0.0
2026-06-09 11:49:07,0.000,0.00,0,0,LOOKING LEFT,100.0,75,0.0,0.0
2026-06-09 11:49:08,0.000,0.00,0,0,LOOKING LEFT,100.0,75,0.0,0.0
2026-06-09 11:49:09,0.000,0.00,0,0,LOOKING LEFT,100.0,75,0.0,0.0
2026-06-09 11:49:10,0.000,0.00,0,0,LOOKING LEFT,100.0,75,0.0,0.0
2026-06-09 11:49:11,0.000,0.00,0,0,LOOKING LEFT,100.0,75,0.0,0.0
2026-06-09 11:49:12,0.000,0.00,0,0,LOOKING LEFT,100.0,75,0.0,0.0
2026-06-09 11:49:13,0.000,0.00,0,0,LOOKING LEFT,100.0,75,0.0,0.0
2026-06-09 11:49:14,0.000,0.00,0,0,LOOKING LEFT,100.0,75,0.0,0.0
2026-06-09 11:49:16,0.000,0.00,0,0,LOOKING LEFT,100.0,75,0.0,0.0
2026-06-09 11:49:17,0.000,0.00,0,0,LOOKING LEFT,100.0,75,0.0,0.0
2026-06-09 11:49:18,0.000,0.00,0,0,LOOKING LEFT,100.0,75,0.0,0.0
2026-06-09 11:49:19,0.000,0.00,0,0,LOOKING LEFT,100.0,75,0.0,0.0
2026-06-09 11:49:20,0.000,0.00,0,0,LOOKING LEFT,100.0,75,0.0,0.0
2026-06-09 11:49:21,0.000,0.00,0,0,LOOKING LEFT,100.0,75,0.0,0.0
2026-06-09 11:49:22,0.000,0.00,0,0,LOOKING LEFT,100.0,75,0.0,0.0
2026-06-09 11:49:23,0.000,0.00,0,0,LOOKING LEFT,100.0,75,0.0,0.0
2026-06-09 11:49:24,0.000,0.00,0,0,LOOKING LEFT,100.0,75,0.0,0.0
2026-06-09 11:49:25,0.000,0.00,0,0,LOOKING LEFT,100.0,75,0.0,0.0
2026-06-09 11:49:26,0.000,0.00,0,0,LOOKING LEFT,100.0,75,0.0,0.0
2026-06-09 11:49:27,0.000,0.00,0,0,LOOKING LEFT,100.0,75,0.0,0.0
2026-06-09 11:49:28,0.000,0.00,0,0,LOOKING LEFT,100.0,75,0.0,0.0
2026-06-09 11:49:29,0.000,0.00,0,0,LOOKING LEFT,100.0,75,0.0,0.0
2026-06-09 11:49:30,0.000,0.00,0,0,LOOKING LEFT,100.0,75,0.0,0.0
2026-06-09 11:49:31,0.000,0.00,0,0,LOOKING LEFT,100.0,75,0.0,0.0
2026-06-09 11:49:32,0.000,0.00,0,0,LOOKING LEFT,100.0,75,0.0,0.0
2026-06-09 11:49:33,0.000,0.00,0,0,LOOKING LEFT,100.0,75,0.0,0.0
2026-06-09 11:49:34,0.000,0.00,0,0,LOOKING LEFT,100.0,75,0.0,0.0
2026-06-09 11:49:35,0.000,0.00,0,0,LOOKING LEFT,100.0,75,0.0,0.0
2026-06-09 11:49:36,0.000,0.00,0,0,LOOKING LEFT,100.0,75,0.0,0.0
2026-06-09 11:49:37,0.000,0.00,0,0,LOOKING LEFT,100.0,75,0.0,0.0
2026-06-09 11:49:38,0.000,0.00,0,0,LOOKING LEFT,100.0,75,0.0,0.0
2026-06-09 11:49:40,0.000,0.00,0,0,LOOKING LEFT,100.0,75,0.0,0.0
2026-06-09 11:49:41,0.000,0.00,0,0,LOOKING LEFT,100.0,75,0.0,0.0
2026-06-09 11:49:42,0.000,0.00,0,0,LOOKING LEFT,100.0,75,0.0,0.0
2026-06-09 11:55:50,0.000,0.00,0,0,LOOKING CENTER,0.0,0,0.0,0.0
2026-06-09 11:55:51,0.000,0.00,0,0,LOOKING CENTER,0.0,0,0.0,0.0
2026-06-09 11:55:52,0.000,0.00,0,0,LOOKING CENTER,0.0,0,0.0,0.0
2026-06-09 11:55:53,0.000,0.00,0,0,LOOKING CENTER,0.0,0,0.0,0.0
2026-06-09 11:55:54,0.000,0.00,0,0,LOOKING CENTER,0.0,0,0.0,0.0
2026-06-09 11:55:55,0.000,0.00,0,0,LOOKING CENTER,0.0,0,0.0,0.0
2026-06-09 11:55:56,0.000,0.00,0,0,LOOKING CENTER,0.0,0,0.0,0.0
2026-06-09 11:55:57,0.000,0.00,0,0,LOOKING CENTER,0.0,0,0.0,0.0
2026-06-09 11:55:58,0.314,1.00,0,0,LOOKING LEFT,0.0,0,63623.4,3666.1
2026-06-09 11:55:59,0.310,1.00,0,0,LOOKING LEFT,0.0,0,-64751.2,3082.8
2026-06-09 11:56:00,0.329,0.00,0,0,LOOKING LEFT,1.0,0,64118.4,3496.4
2026-06-09 11:56:01,0.326,0.00,0,0,LOOKING LEFT,29.4,0,64368.1,2325.6
2026-06-09 11:56:02,0.297,1.00,0,0,LOOKING LEFT,54.9,0,63791.8,-736.3
2026-06-09 11:56:03,0.292,0.00,0,0,LOOKING LEFT,68.6,0,64534.1,-980.7
2026-06-09 11:56:04,0.319,1.00,0,0,LOOKING LEFT,96.1,0,64305.6,-943.8
2026-06-09 11:56:06,0.295,0.00,0,0,LOOKING LEFT,100.0,0,-64767.5,-1392.6
2026-06-09 11:56:07,0.302,0.00,0,0,LOOKING LEFT,100.0,0,64173.9,-1385.1
2026-06-09 11:56:08,0.288,0.00,0,0,LOOKING LEFT,100.0,0,64255.4,134.6
2026-06-09 11:56:09,0.238,0.00,0,0,LOOKING LEFT,100.0,0,64722.6,2589.0
2026-06-09 11:56:10,0.228,1.00,0,0,LOOKING LEFT,100.0,1,62073.0,1264.7
2026-06-09 11:56:11,0.324,1.00,0,0,LOOKING LEFT,100.0,1,62693.7,2372.4
2026-06-09 11:56:12,0.312,1.00,0,0,LOOKING LEFT,100.0,1,62433.2,2872.7
2026-06-09 11:56:13,0.290,0.00,0,0,LOOKING LEFT,100.0,1,62512.0,3164.3
2026-06-09 11:56:14,0.304,0.00,0,0,LOOKING LEFT,100.0,1,62379.6,2860.2
2026-06-09 11:56:15,0.323,1.00,0,0,LOOKING LEFT,100.0,1,61553.8,3527.6
2026-06-09 11:56:16,0.315,0.00,0,0,LOOKING LEFT,100.0,1,62003.7,1857.6
2026-06-09 11:56:18,0.328,1.00,0,0,LOOKING LEFT,100.0,1,62314.8,3133.6
2026-06-09 11:56:19,0.305,0.00,0,0,LOOKING LEFT,100.0,1,63170.2,426.5
2026-06-09 11:56:20,0.304,0.00,0,0,LOOKING LEFT,100.0,1,62132.2,-2106.9
2026-06-09 11:56:21,0.275,1.00,0,0,LOOKING LEFT,100.0,1,62779.0,-493.7
